,a,b,c,d,e
ADE,0.6292106563492283,-0.08389965989265617,0.002661950524180827,-2.75994360047691e-05,0.07113304394062399
ADP,1.3614556045686277,-0.2018355872932727,0.006800575223383486,-7.793426460003625e-05,0.3224326902655131
ALA,0.516785126381373,-0.013487523391473482,0.0006014263058824883,-8.699050480362086e-06,0.07482297929184081
AMP,0.8293113308780505,-0.097901420948648,0.004163456042998498,-5.192515086291652e-05,0.03392425404081837
ARG,0.029227412466282167,-0.0018547705032836846,4.2259764090637045e-05,-2.748353842749954e-07,0.00648275247836851
ASP,0.18589046345246987,-0.002429290699094866,5.6910807844751e-05,-3.651137203154395e-07,0.0083483495605194
ASN,0.45674998371743536,-0.015029482026479761,0.0004626811132863782,-5.113429263580627e-06,-0.005818809855522432
ATP,0.9779134048588204,-0.07149434522652307,0.0006856616155783699,-3.0165710736254265e-07,0.36012249780857436
B13PG,4.098992524304152,-0.5144789527601921,0.015420772101949858,-0.00015255324992525921,0.5103523594793807
B23PG,4.098992524304152,-0.5144789527601921,0.015420772101949858,-0.00015255324992525921,0.5103523594793807
CIT,0.10928874392835508,-0.0173398857754061,0.0006541461307288996,-7.579810203374595e-06,0.019633076792181008
CITR,0.033198257693601574,0.0006968067209723942,-3.6208954880118596e-05,5.082167546952484e-07,-0.00022403359031020827
EADE,0.48086819535193026,-0.014149573473972915,0.0005741164831523208,-6.07321419764725e-06,-0.11785605963622592
EASN,0.009612217858088834,0.001248502361741745,-4.6887538567249676e-05,5.204111620294867e-07,0.005991585245486528
ECIT,0.4380478825430558,-0.001815529882531421,-1.6990327166744937e-05,2.6693742512934813e-07,-0.016524397453146586
ECYS,-0.0007813774779450854,0.0019959442650916265,-2.5630971295301252e-05,7.9411970514337e-08,-0.004878802458275248
EFUM,0.011804759144663874,6.952866469809733e-05,1.2719715559781412e-05,-3.108581986675916e-07,0.002627980310426288
EGLC,26.444537756643456,-1.0591943244826685,0.026379373083324154,-0.0002812224319814426,1.6882174203592275
EGLN,0.050154929873787946,-0.008303490102662564,8.247049032307465e-05,-7.367217429179739e-08,0.05996372600374343
EGLU,0.003994450379541258,0.00045418990704954563,-4.439717940726839e-06,2.2945952132197465e-08,0.0039751337897470556
EGSSG,0.007118194701246139,-7.517691240309448e-05,2.9177694452130176e-06,-2.2049756721157185e-08,-0.001993902762404518
EGSH,0.020585663212256626,-0.0021314823809118694,5.210300019811902e-05,-4.260637846909743e-07,0.0023822766288673436
EHYPX,0.01777963183459919,-0.01860338807055208,0.0009130731397038048,-8.908708845917354e-06,0.03993961050828101
EINO,9.139578975575246e-05,-9.099475007636211e-05,3.5239036186118357e-06,-7.709204183809123e-09,0.00020644337484913795
ELAC,2.508411628567487,1.0868018214019033,-0.018759214254259554,0.0001450718155891169,0.40719658216647936
EMAL,0.029860358762216696,0.0031293654972307542,-1.4379124541167729e-05,-7.310871828904141e-08,0.011698884286154936
EARG,0.0016402576428044423,-9.110927874343981e-05,3.4664478417479866e-06,-3.763434576860348e-08,-0.00011953885538108772
PEP,0.23662889816078153,-0.01627951959512825,0.0005652992783063598,-6.201988144538257e-06,-0.019464439893603316
EURT,0.01564504789659061,-0.0014852913818611765,9.422379930154368e-06,1.1546396515785077e-07,0.009816780692749775
EXAN,0.00040419762400919145,-8.429458495696225e-05,7.648248275243216e-06,-8.424374734272748e-08,0.00022588661432544456
F16BP,0.09047966744119122,-0.005451553195438746,0.00020411457723089316,-2.2703328393317857e-06,-0.012854370515983997
F6P,0.056881184000527316,0.01164711087000033,-0.0006547878818871914,8.43905696780344e-06,-0.003878915203579696
G6P,0.07325410072260202,0.005369299419029328,-0.00041518641201347933,5.79318106631382e-06,0.006194685638796398
GLC,1.1850482162587617,-0.0645312234349189,0.0013568922296105254,-1.1978583976869613e-05,0.23566852032982666
GLN,0.11346574916583284,0.003305179399217676,-0.00020282321911072474,2.4302802962270357e-06,-0.008212590322681759
GLU,0.5044364200114385,-0.02712131316408722,0.000951405320548415,-1.0451457223892777e-05,-0.03677769196972154
GMP,0.08326956319681265,-0.006967738286901677,0.00028855062756356713,-3.5383405593957443e-06,-0.00547134535212893
GO6P,0.14312698552912087,-0.01547392694525672,0.0005362841037497415,-5.934934683232647e-06,0.005105433167825346
GSH,0.781823798343861,-0.09038169078791135,0.0024706138943123577,-2.423258338737929e-05,0.2014976027013485
GSSG,2.5749010142360524,0.07952364332112781,-0.006923897824580504,9.353027221157523e-05,0.15659179619185148
HYPX,0.08265093036053484,-0.0423415199097814,0.0017626374875940895,-1.6866427835698727e-05,0.1002926071447466
IMP,0.08883964392268838,0.031858920288372894,-0.0010757020459646427,1.0428139656135112e-05,-0.047433397447477904
INO,0.004009428461267746,-0.0012387287409604938,5.481052163065006e-05,-7.057593236496625e-07,0.0024311840146516352
LAC,0.6634462445295666,0.2812103920354352,-0.004327179954238912,2.521079160090469e-05,-0.046588691275736255
MAL,2.654032528968454,-0.23469671067755732,0.007030351248433259,-7.60607761508483e-05,0.4541006616928312
OXOP,1.0665984061571996,0.04039105307792169,0.002695662570178268,-5.059979537804058e-05,0.21610518938241052
EOXOP,0.06169949539683714,0.05854259911215408,-0.0012876527963295871,1.1944234541823134e-05,0.0019035315388299368
P2G,0.3506639911159573,-0.04551718299078406,0.0014333163915393877,-1.4699744163932134e-05,0.03480137765983813
P3G,0.3506639911159573,-0.04551718299078406,0.0014333163915393877,-1.4699744163932134e-05,0.03480137765983813
PYR,0.9319957840779322,0.11739830966758545,-0.0029786427277300282,2.8181891171572474e-05,-0.3054264296074016
SAH,0.0035486025785617247,-0.002739731794623266,7.468889476561045e-05,-7.373834335592569e-07,0.011146987396849984
ESER,0.07162054469841969,0.003496523530187324,-0.00021353022392825796,2.986559230128173e-06,0.009360746124256239
SER,0.03182686916619119,-0.0015058367458399855,5.643728784489671e-05,-6.587716734804447e-07,0.0017175618796786917
URT,0.015240455527694147,-0.0007053057389518604,3.296553690680189e-05,-4.2292996088770774e-07,-0.0025764815990192663
XAN,0.0001374401519475972,-3.0550810604601736e-05,2.075281536988931e-06,-1.8719467445305583e-08,0.00010178766486586349
